{
    "$schema": "https://schema.management.azure.com/schemas/2019-04-01/deploymentTemplate.json#",
    "contentVersion": "1.0.0.0",
    "parameters": {
        "workflows_VM_Tags_name": {
            "defaultValue": "VM-Tags",
            "type": "String"
        },
        "connections_azureautomation_1_externalid": {
            "defaultValue": "/subscriptions/21db9181-d64e-45dd-ac4c-3ae1209a2998/resourceGroups/trial/providers/Microsoft.Web/connections/azureautomation-1",
            "type": "String"
        },
        "connections_outlook_externalid": {
            "defaultValue": "/subscriptions/21db9181-d64e-45dd-ac4c-3ae1209a2998/resourceGroups/trial/providers/Microsoft.Web/connections/outlook",
            "type": "String"
        }
    },
    "variables": {},
    "resources": [
        {
            "type": "Microsoft.Logic/workflows",
            "apiVersion": "2017-07-01",
            "name": "[parameters('workflows_VM_Tags_name')]",
            "location": "northcentralus",
            "properties": {
                "state": "Enabled",
                "definition": {
                    "$schema": "https://schema.management.azure.com/providers/Microsoft.Logic/schemas/2016-06-01/workflowdefinition.json#",
                    "contentVersion": "1.0.0.0",
                    "parameters": {
                        "$connections": {
                            "defaultValue": {},
                            "type": "Object"
                        }
                    },
                    "triggers": {
                        "Recurrence": {
                            "recurrence": {
                                "interval": 1,
                                "frequency": "Month",
                                "timeZone": "India Standard Time",
                                "startTime": "12:00"
                            },
                            "evaluatedRecurrence": {
                                "interval": 1,
                                "frequency": "Month",
                                "timeZone": "India Standard Time",
                                "startTime": "12:00"
                            },
                            "type": "Recurrence"
                        }
                    },
                    "actions": {
                        "Create_job": {
                            "runAfter": {},
                            "type": "ApiConnection",
                            "inputs": {
                                "host": {
                                    "connection": {
                                        "name": "@parameters('$connections')['azureautomation']['connectionId']"
                                    }
                                },
                                "method": "put",
                                "path": "/subscriptions/@{encodeURIComponent('21db9181-d64e-45dd-ac4c-3ae1209a2998')}/resourceGroups/@{encodeURIComponent('trial')}/providers/Microsoft.Automation/automationAccounts/@{encodeURIComponent('VM-size')}/jobs",
                                "queries": {
                                    "x-ms-api-version": "2015-10-31",
                                    "runbookName": "tags",
                                    "wait": true
                                }
                            }
                        },
                        "Get_job_output": {
                            "runAfter": {
                                "Create_job": [
                                    "Succeeded"
                                ]
                            },
                            "type": "ApiConnection",
                            "inputs": {
                                "host": {
                                    "connection": {
                                        "name": "@parameters('$connections')['azureautomation']['connectionId']"
                                    }
                                },
                                "method": "get",
                                "path": "/subscriptions/@{encodeURIComponent('21db9181-d64e-45dd-ac4c-3ae1209a2998')}/resourceGroups/@{encodeURIComponent('trial')}/providers/Microsoft.Automation/automationAccounts/@{encodeURIComponent('VM-size')}/jobs/@{encodeURIComponent(body('Create_job')?['properties']?['jobId'])}/output",
                                "queries": {
                                    "x-ms-api-version": "2015-10-31"
                                }
                            }
                        },
                        "Parse_JSON": {
                            "runAfter": {
                                "Get_job_output": [
                                    "Succeeded"
                                ]
                            },
                            "type": "ParseJson",
                            "inputs": {
                                "content": "@body('Get_job_output')",
                                "schema": {
                                    "type": "array",
                                    "items": {
                                        "type": "object",
                                        "properties": {
                                            "VMName": {
                                                "type": "string"
                                            },
                                            "ResourceGroup": {
                                                "type": "string"
                                            },
                                            "Location": {
                                                "type": "string"
                                            },
                                            "TagsPresent": {
                                                "type": "string"
                                            },
                                            "MissingTags": {
                                                "type": "string"
                                            },
                                            "Compliance": {
                                                "type": "string"
                                            },
                                            "TimeStamp": {
                                                "type": "string"
                                            }
                                        }
                                    }
                                }
                            }
                        },
                        "Create_HTML_table": {
                            "runAfter": {
                                "Parse_JSON": [
                                    "Succeeded"
                                ]
                            },
                            "type": "Table",
                            "inputs": {
                                "from": "@body('Parse_JSON')",
                                "format": "HTML"
                            }
                        },
                        "Compose": {
                            "runAfter": {
                                "Create_HTML_table": [
                                    "Succeeded"
                                ]
                            },
                            "type": "Compose",
                            "inputs": "<html>\n<head>\n<style>\ntable {\n  border-collapse: collapse;\n  width: 100%;\n  font-family: Arial, sans-serif;\n  font-size: 14px;\n  border: 2px solid #555; /* Outer border */\n}\nth {\n  background-color: #4CAF50;\n  color: white;\n  padding: 8px;\n  text-align: left;\n  border: 1px solid #555; /* Header cell border */\n}\ntd {\n  border: 1px solid #555; /* Cell border */\n  padding: 8px;\n}\ntr:nth-child(even) {\n  background-color: #f2f2f2;\n}\ntr:hover {\n  background-color: #ddd;\n}\n</style>\n</head>\n<body>\n<h1><center> Azure Virtual Machines Tags </center></h1>\n@{body('Create_HTML_table')}\n</body>\n</html>"
                        },
                        "Send_an_email_(V2)": {
                            "runAfter": {
                                "Compose": [
                                    "Succeeded"
                                ]
                            },
                            "type": "ApiConnection",
                            "inputs": {
                                "host": {
                                    "connection": {
                                        "name": "@parameters('$connections')['outlook']['connectionId']"
                                    }
                                },
                                "method": "post",
                                "body": {
                                    "To": "shreya.sachan31@gmail.com,harshjainn2003@gmail.com",
                                    "Subject": "[parameters('workflows_VM_Tags_name')]",
                                    "Body": "<p class=\"editor-paragraph\">@{outputs('Compose')}</p>",
                                    "Importance": "Normal"
                                },
                                "path": "/v2/Mail"
                            }
                        }
                    },
                    "outputs": {}
                },
                "parameters": {
                    "$connections": {
                        "value": {
                            "azureautomation": {
                                "id": "/subscriptions/21db9181-d64e-45dd-ac4c-3ae1209a2998/providers/Microsoft.Web/locations/northcentralus/managedApis/azureautomation",
                                "connectionId": "[parameters('connections_azureautomation_1_externalid')]",
                                "connectionName": "azureautomation-1"
                            },
                            "outlook": {
                                "id": "/subscriptions/21db9181-d64e-45dd-ac4c-3ae1209a2998/providers/Microsoft.Web/locations/northcentralus/managedApis/outlook",
                                "connectionId": "[parameters('connections_outlook_externalid')]",
                                "connectionName": "outlook"
                            }
                        }
                    }
                }
            }
        }
    ]
}