{
    "$schema": "https://schema.management.azure.com/schemas/2015-01-01/deploymentParameters.json#",
    "contentVersion": "1.0.0.0",
    "parameters": {
        "workflows_LA_IsDB_Monitor_KQL_name": {
            "value": null
        },
        "__encodeURIComponent_concat_variables__AffectedResource___7________variables__AffectedResource___8_____externalid": {
            "value": null
        },
        "connections_arm_3_externalid": {
            "value": null
        },
        "connections_office365_2_externalid": {
            "value": null
        }
    }
}