{
    "$schema": "https://schema.management.azure.com/schemas/2019-04-01/deploymentTemplate.json#",
    "contentVersion": "1.0.0.0",
    "parameters": {
        "workflows_LA_IsDB_Monitor_KQL_name": {
            "defaultValue": "LA-IsDB-Monitor-KQL",
            "type": "String"
        },
        "__encodeURIComponent_concat_variables__AffectedResource___7________variables__AffectedResource___8_____externalid": {
            "defaultValue": "/subscriptions/@{encodeURIComponent(variables('AffectedResource')[2])}/resourceGroups/@{encodeURIComponent(variables('AffectedResource')[4])}/providers/@{encodeURIComponent(variables('AffectedResource')[6])}/@{encodeURIComponent(concat(variables('AffectedResource')[7], '/', variables('AffectedResource')[8]))}",
            "type": "String"
        },
        "connections_arm_3_externalid": {
            "defaultValue": "/subscriptions/6ef6c52a-a2a2-412c-972a-d279dfcd1cf2/resourceGroups/IsDB_Azure_Infra/providers/Microsoft.Web/connections/arm-3",
            "type": "String"
        },
        "connections_office365_2_externalid": {
            "defaultValue": "/subscriptions/6ef6c52a-a2a2-412c-972a-d279dfcd1cf2/resourceGroups/IsDB_Azure_Infra/providers/Microsoft.Web/connections/office365-2",
            "type": "String"
        }
    },
    "variables": {},
    "resources": [
        {
            "type": "Microsoft.Logic/workflows",
            "apiVersion": "2017-07-01",
            "name": "[parameters('workflows_LA_IsDB_Monitor_KQL_name')]",
            "location": "uaenorth",
            "identity": {
                "type": "SystemAssigned"
            },
            "properties": {
                "state": "Enabled",
                "definition": {
                    "$schema": "https://schema.management.azure.com/providers/Microsoft.Logic/schemas/2016-06-01/workflowdefinition.json#",
                    "contentVersion": "1.0.0.0",
                    "parameters": {
                        "$connections": {
                            "defaultValue": {},
                            "type": "Object"
                        }
                    },
                    "staticResults": {
                        "Send_an_email_(V2)0": {
                            "status": "Succeeded",
                            "hasDelegate": false
                        }
                    },
                    "triggers": {
                        "When_a_HTTP_request_is_received_1": {
                            "type": "Request",
                            "kind": "Http",
                            "inputs": {
                                "schema": {
                                    "type": "object",
                                    "properties": {
                                        "schemaId": {
                                            "type": "string"
                                        },
                                        "data": {
                                            "type": "object",
                                            "properties": {
                                                "essentials": {
                                                    "type": "object",
                                                    "properties": {
                                                        "alertId": {
                                                            "type": "string"
                                                        },
                                                        "alertRule": {
                                                            "type": "string"
                                                        },
                                                        "severity": {
                                                            "type": "string"
                                                        },
                                                        "signalType": {
                                                            "type": "string"
                                                        },
                                                        "monitorCondition": {
                                                            "type": "string"
                                                        },
                                                        "monitoringService": {
                                                            "type": "string"
                                                        },
                                                        "alertTargetIDs": {
                                                            "type": "array",
                                                            "items": {
                                                                "type": "string"
                                                            }
                                                        },
                                                        "originAlertId": {
                                                            "type": "string"
                                                        },
                                                        "firedDateTime": {
                                                            "type": "string"
                                                        },
                                                        "description": {
                                                            "type": "string"
                                                        },
                                                        "essentialsVersion": {
                                                            "type": "string"
                                                        },
                                                        "alertContextVersion": {
                                                            "type": "string"
                                                        },
                                                        "investigationLink": {
                                                            "type": "string"
                                                        }
                                                    }
                                                },
                                                "alertContext": {
                                                    "type": "object",
                                                    "properties": {
                                                        "conditionType": {
                                                            "type": "string"
                                                        },
                                                        "condition": {
                                                            "type": "object",
                                                            "properties": {
                                                                "windowSize": {
                                                                    "type": "string"
                                                                },
                                                                "allOf": {
                                                                    "type": "array",
                                                                    "items": {
                                                                        "type": "object",
                                                                        "properties": {
                                                                            "searchQuery": {
                                                                                "type": "string"
                                                                            },
                                                                            "dimensions": {
                                                                                "type": "array",
                                                                                "items": {
                                                                                    "type": "object",
                                                                                    "properties": {
                                                                                        "name": {
                                                                                            "type": "string"
                                                                                        },
                                                                                        "value": {
                                                                                            "type": "string"
                                                                                        }
                                                                                    }
                                                                                }
                                                                            }
                                                                        }
                                                                    }
                                                                }
                                                            }
                                                        }
                                                    }
                                                }
                                            }
                                        }
                                    }
                                }
                            }
                        }
                    },
                    "actions": {
                        "Read_a_resource": {
                            "runAfter": {
                                "For_each_1": [
                                    "Succeeded"
                                ]
                            },
                            "type": "ApiConnection",
                            "inputs": {
                                "host": {
                                    "connection": {
                                        "name": "@parameters('$connections')['arm']['connectionId']"
                                    }
                                },
                                "method": "get",
                                "path": "[parameters('__encodeURIComponent_concat_variables__AffectedResource___7________variables__AffectedResource___8_____externalid')]",
                                "queries": {
                                    "x-ms-api-version": "2024-11-01"
                                }
                            }
                        },
                        "Switch": {
                            "runAfter": {
                                "Compose": [
                                    "Succeeded"
                                ]
                            },
                            "cases": {
                                "Case": {
                                    "case": "appkql",
                                    "actions": {
                                        "Send_an_email_(V2)-ApplicationKQL-server_alerts": {
                                            "type": "ApiConnection",
                                            "inputs": {
                                                "host": {
                                                    "connection": {
                                                        "name": "@parameters('$connections')['office365_1']['connectionId']"
                                                    }
                                                },
                                                "method": "post",
                                                "body": {
                                                    "To": "IsDB.AppApplication@coforge.com;askit@isdb.org;noc@isdb.org;isdb.cloudinfra@coforge.com;mudassar@isdb.org;adawood@isdb.org;shreya.sachan@coforge.com;bhaskar.shukla@coforge.com",
                                                    "Subject": "@{triggerBody()?['data']?['essentials']?['alertRule']} : @{body('Read_a_resource')?['name']}",
                                                    "Body": "<p class=\"editor-paragraph\">@{outputs('Compose')}</p>",
                                                    "From": "IsDB-Monitor@isdb.org",
                                                    "Sensitivity": "9ef4adf7-25a7-4f52-a61a-df7190f1d881",
                                                    "Importance": "Normal"
                                                },
                                                "path": "/v2/Mail"
                                            },
                                            "runtimeConfiguration": {
                                                "staticResult": {
                                                    "staticResultOptions": "Disabled",
                                                    "name": "Send_an_email_(V2)0"
                                                }
                                            }
                                        }
                                    }
                                },
                                "Case_2": {
                                    "case": "datakql",
                                    "actions": {
                                        "Send_an_email_(V2)-databaseKQL-server_Alerts": {
                                            "type": "ApiConnection",
                                            "inputs": {
                                                "host": {
                                                    "connection": {
                                                        "name": "@parameters('$connections')['office365_1']['connectionId']"
                                                    }
                                                },
                                                "method": "post",
                                                "body": {
                                                    "To": "IsDB.AppDatabase@coforge.com;askit@isdb.org;noc@isdb.org;isdb.cloudinfra@coforge.com;mudassar@isdb.org;adawood@isdb.org;Naveen.bhatt@coforge.com;shreya.sachan@coforge.com;bhaskar.shukla@coforge.com",
                                                    "Subject": "@{triggerBody()?['data']?['essentials']?['alertRule']} : @{body('Read_a_resource')?['name']}",
                                                    "Body": "<p class=\"editor-paragraph\">@{outputs('Compose')}</p>",
                                                    "From": "IsDB-Monitor@isdb.org",
                                                    "Sensitivity": "9ef4adf7-25a7-4f52-a61a-df7190f1d881",
                                                    "Importance": "Normal"
                                                },
                                                "path": "/v2/Mail"
                                            },
                                            "runtimeConfiguration": {
                                                "staticResult": {
                                                    "staticResultOptions": "Disabled",
                                                    "name": "Send_an_email_(V2)0"
                                                }
                                            }
                                        }
                                    }
                                },
                                "Case_3": {
                                    "case": "win",
                                    "actions": {
                                        "Send_an_email_(V2)-Windows_service_alerts": {
                                            "type": "ApiConnection",
                                            "inputs": {
                                                "host": {
                                                    "connection": {
                                                        "name": "@parameters('$connections')['office365_1']['connectionId']"
                                                    }
                                                },
                                                "method": "post",
                                                "body": {
                                                    "To": "IsDB.AppApplication@coforge.com;askit@isdb.org;noc@isdb.org;isdb.cloudinfra@coforge.com;mudassar@isdb.org;adawood@isdb.org;shreya.sachan@coforge.com;bhaskar.shukla@coforge.com",
                                                    "Subject": "@{triggerBody()?['data']?['essentials']?['alertRule']} : @{body('Read_a_resource')?['name']}",
                                                    "Body": "<p class=\"editor-paragraph\">@{outputs('Compose')}</p>",
                                                    "From": "IsDB-Monitor@isdb.org",
                                                    "Sensitivity": "9ef4adf7-25a7-4f52-a61a-df7190f1d881",
                                                    "Importance": "Normal"
                                                },
                                                "path": "/v2/Mail"
                                            },
                                            "runtimeConfiguration": {
                                                "staticResult": {
                                                    "staticResultOptions": "Disabled",
                                                    "name": "Send_an_email_(V2)0"
                                                }
                                            }
                                        }
                                    }
                                },
                                "Case_4": {
                                    "case": "icdkql",
                                    "actions": {
                                        "Send_an_email_(V2)-icd-prod-01-KQL-Alerts": {
                                            "type": "ApiConnection",
                                            "inputs": {
                                                "host": {
                                                    "connection": {
                                                        "name": "@parameters('$connections')['office365_1']['connectionId']"
                                                    }
                                                },
                                                "method": "post",
                                                "body": {
                                                    "To": "askit@isdb.org;noc@isdb.org;isdb.cloudinfra@coforge.com;adawood@isdb.org;Shreya.Sachan@coforge.com;icd_alertteam@isdb.org;bhaskar.shukla@coforge.com",
                                                    "Subject": "@{triggerBody()?['data']?['essentials']?['alertRule']} : @{body('Read_a_resource')?['name']}",
                                                    "Body": "<p class=\"editor-paragraph\">@{outputs('Compose')}</p>",
                                                    "From": "IsDB-Monitor@isdb.org",
                                                    "Sensitivity": "9ef4adf7-25a7-4f52-a61a-df7190f1d881",
                                                    "Importance": "Normal"
                                                },
                                                "path": "/v2/Mail"
                                            },
                                            "runtimeConfiguration": {
                                                "staticResult": {
                                                    "staticResultOptions": "Disabled",
                                                    "name": "Send_an_email_(V2)0"
                                                }
                                            }
                                        }
                                    }
                                },
                                "Case_5": {
                                    "case": "devkql",
                                    "actions": {
                                        "Send_an_email_(V2)-isdb-dev-01-KQL-Alerts": {
                                            "type": "ApiConnection",
                                            "inputs": {
                                                "host": {
                                                    "connection": {
                                                        "name": "@parameters('$connections')['office365_1']['connectionId']"
                                                    }
                                                },
                                                "method": "post",
                                                "body": {
                                                    "To": "noc@isdb.org;mkareemuddin@isdb.org;askit@isdb.org;araju@isdb.org;IDBHQ-Applications-Support@isdb.org;isdb.cloudinfra@coforge.com;adawood@isdb.org;Shreya.Sachan@coforge.com;bhaskar.shukla@coforge.com",
                                                    "Subject": "@{triggerBody()?['data']?['essentials']?['alertRule']} : @{body('Read_a_resource')?['name']}",
                                                    "Body": "<p class=\"editor-paragraph\">@{outputs('Compose')}</p>",
                                                    "From": "IsDB-Monitor@isdb.org",
                                                    "Sensitivity": "9ef4adf7-25a7-4f52-a61a-df7190f1d881",
                                                    "Importance": "Normal"
                                                },
                                                "path": "/v2/Mail"
                                            },
                                            "runtimeConfiguration": {
                                                "staticResult": {
                                                    "staticResultOptions": "Disabled",
                                                    "name": "Send_an_email_(V2)0"
                                                }
                                            }
                                        }
                                    }
                                },
                                "Case_6": {
                                    "case": "itfckql",
                                    "actions": {
                                        "Send_an_email_(V2)-_itfc-prod-01-KQL-Alerts": {
                                            "type": "ApiConnection",
                                            "inputs": {
                                                "host": {
                                                    "connection": {
                                                        "name": "@parameters('$connections')['office365_1']['connectionId']"
                                                    }
                                                },
                                                "method": "post",
                                                "body": {
                                                    "To": "askit@isdb.org;noc@isdb.org;IDBHQ-Applications-Support@isdb.org;shakhan@isdb.org;isdb.cloudinfra@coforge.com;adawood@isdb.org;ITFC-Alert@itfc-idb.org;Shreya.Sachan@coforge.com;bhaskar.shukla@coforge.com",
                                                    "Subject": "@{triggerBody()?['data']?['essentials']?['alertRule']} : @{body('Read_a_resource')?['name']}",
                                                    "Body": "<p class=\"editor-paragraph\">@{outputs('Compose')}</p>",
                                                    "From": "IsDB-Monitor@isdb.org",
                                                    "Sensitivity": "9ef4adf7-25a7-4f52-a61a-df7190f1d881",
                                                    "Importance": "Normal"
                                                },
                                                "path": "/v2/Mail"
                                            },
                                            "runtimeConfiguration": {
                                                "staticResult": {
                                                    "staticResultOptions": "Disabled",
                                                    "name": "Send_an_email_(V2)0"
                                                }
                                            }
                                        }
                                    }
                                },
                                "Case_7": {
                                    "case": "emailkql",
                                    "actions": {
                                        "Send_an_email_(V2)-Server-KQL-alerts": {
                                            "type": "ApiConnection",
                                            "inputs": {
                                                "host": {
                                                    "connection": {
                                                        "name": "@parameters('$connections')['office365_1']['connectionId']"
                                                    }
                                                },
                                                "method": "post",
                                                "body": {
                                                    "To": "askit@isdb.org;noc@isdb.org;isdb.cloudinfra@coforge.com;adawood@isdb.org;Shreya.Sachan@coforge.com;bhaskar.shukla@coforge.com",
                                                    "Subject": "@{triggerBody()?['data']?['essentials']?['alertRule']} : @{body('Read_a_resource')?['name']}",
                                                    "Body": "<p class=\"editor-paragraph\">@{outputs('Compose')}</p>",
                                                    "From": "IsDB-Monitor@isdb.org",
                                                    "Sensitivity": "9ef4adf7-25a7-4f52-a61a-df7190f1d881",
                                                    "Importance": "Normal"
                                                },
                                                "path": "/v2/Mail"
                                            },
                                            "runtimeConfiguration": {
                                                "staticResult": {
                                                    "staticResultOptions": "Disabled",
                                                    "name": "Send_an_email_(V2)0"
                                                }
                                            }
                                        }
                                    }
                                },
                                "Case_8": {
                                    "case": "drteam",
                                    "actions": {
                                        "Send_an_email_(V2)-DR-Server-KQL-alerts": {
                                            "type": "ApiConnection",
                                            "inputs": {
                                                "host": {
                                                    "connection": {
                                                        "name": "@parameters('$connections')['office365_1']['connectionId']"
                                                    }
                                                },
                                                "method": "post",
                                                "body": {
                                                    "To": "kalaiarasu.k@coforge.com;mohd.wasif@coforge.com;rohan.jha@coforge.com;askit@isdb.org;adawood@isdb.org;Shreya.Sachan@coforge.com;bhaskar.shukla@coforge.com",
                                                    "Subject": "@{triggerBody()?['data']?['essentials']?['alertRule']} : @{body('Read_a_resource')?['name']}",
                                                    "Body": "<p class=\"editor-paragraph\">@{outputs('Compose')}</p>",
                                                    "From": "IsDB-Monitor@isdb.org",
                                                    "Sensitivity": "9ef4adf7-25a7-4f52-a61a-df7190f1d881",
                                                    "Importance": "Normal"
                                                },
                                                "path": "/v2/Mail"
                                            },
                                            "runtimeConfiguration": {
                                                "staticResult": {
                                                    "staticResultOptions": "Disabled",
                                                    "name": "Send_an_email_(V2)0"
                                                }
                                            }
                                        }
                                    }
                                },
                                "Case_9": {
                                    "case": "swiftkql",
                                    "actions": {
                                        "Send_an_email_(V2)-swift-kql-Alerts": {
                                            "type": "ApiConnection",
                                            "inputs": {
                                                "host": {
                                                    "connection": {
                                                        "name": "@parameters('$connections')['office365_1']['connectionId']"
                                                    }
                                                },
                                                "method": "post",
                                                "body": {
                                                    "To": "askit@isdb.org;noc@isdb.org;isdb.cloudinfra@coforge.com;adawood@isdb.org;Shreya.Sachan@coforge.com;bhaskar.shukla@coforge.com",
                                                    "Subject": "@{triggerBody()?['data']?['essentials']?['alertRule']} : @{body('Read_a_resource')?['name']}",
                                                    "Body": "<p class=\"editor-paragraph\">@{outputs('Compose')}</p>",
                                                    "From": "IsDB-Monitor@isdb.org",
                                                    "Sensitivity": "9ef4adf7-25a7-4f52-a61a-df7190f1d881",
                                                    "Importance": "Normal"
                                                },
                                                "path": "/v2/Mail"
                                            },
                                            "runtimeConfiguration": {
                                                "staticResult": {
                                                    "staticResultOptions": "Disabled",
                                                    "name": "Send_an_email_(V2)0"
                                                }
                                            }
                                        }
                                    }
                                }
                            },
                            "default": {
                                "actions": {
                                    "Send_an_email_(V2)-copy_2": {
                                        "type": "ApiConnection",
                                        "inputs": {
                                            "host": {
                                                "connection": {
                                                    "name": "@parameters('$connections')['office365_1']['connectionId']"
                                                }
                                            },
                                            "method": "post",
                                            "body": {
                                                "To": "kalaiarasu.k@coforge.com;shreya.sachan@coforge.com;bhaskar.shukla@coforge.com",
                                                "Subject": "@{body('Read_a_resource')?['name']}@{triggerBody()?['data']?['essentials']?['alertRule']}",
                                                "Body": "<p class=\"editor-paragraph\"><u><b><strong class=\"editor-text-bold editor-text-underline\" style=\"font-family: arial; font-size: 16px;\">IsDB Azure Monitor</strong></b></u><br><br><br><b><strong class=\"editor-text-bold\" style=\"font-size: 14px;\">Monitoring Condition</strong></b><span style=\"font-size: 14px;\">: </span>@{triggerBody()?['data']?['essentials']?['monitorCondition']}<br><b><strong class=\"editor-text-bold\" style=\"font-size: 14px;\">Date and Time</strong></b><span style=\"font-size: 14px;\">: </span>@{triggerBody()?['data']?['essentials']?['firedDateTime']}<br><b><strong class=\"editor-text-bold\" style=\"font-size: 14px;\">Name</strong></b><span style=\"font-size: 14px;\">: </span>@{body('Read_a_resource')?['name']}<br><b><strong class=\"editor-text-bold\" style=\"font-size: 14px;\">Type</strong></b><span style=\"font-size: 14px;\">: </span>@{body('Read_a_resource')?['type']}<br><b><strong class=\"editor-text-bold\" style=\"font-size: 14px;\">Alert Rule</strong></b><span style=\"font-size: 14px;\">: </span>@{triggerBody()?['data']?['essentials']?['alertRule']}</p><p class=\"editor-paragraph\"><b><strong class=\"editor-text-bold\">Properties</strong></b>: @{body('Read_a_resource')?['properties']}</p><p class=\"editor-paragraph\"><b><strong class=\"editor-text-bold\">Dimension:</strong></b> @{triggerOutputs()?['body']?['data']?['alertContext']?['condition']?['allOf'][0]?['dimensions']}</p><p class=\"editor-paragraph\"><b><strong class=\"editor-text-bold\">ID:</strong></b> @{body('Read_a_resource')?['id']}</p><p class=\"editor-paragraph\"><b><strong class=\"editor-text-bold\">Identity Type</strong></b>: @{body('Read_a_resource')?['identity']?['type']}</p><p class=\"editor-paragraph\"><b><strong class=\"editor-text-bold\">Name:</strong></b>@{body('Read_a_resource')}</p><p class=\"editor-paragraph\"><b><strong class=\"editor-text-bold\">Affected Resource</strong></b>: @{variables('AffectedResource')}</p>",
                                                "From": "IsDB-Monitor@isdb.org",
                                                "Sensitivity": "9ef4adf7-25a7-4f52-a61a-df7190f1d881",
                                                "Importance": "Normal"
                                            },
                                            "path": "/v2/Mail"
                                        },
                                        "runtimeConfiguration": {
                                            "staticResult": {
                                                "staticResultOptions": "Disabled",
                                                "name": "Send_an_email_(V2)0"
                                            }
                                        }
                                    }
                                }
                            },
                            "expression": "@triggerOutputs()['queries']['level']\n ",
                            "type": "Switch"
                        },
                        "For_each_1": {
                            "foreach": "@triggerOutputs()?['body']?['data']?['alertContext']?['condition']?['allOf'][0]?['dimensions']",
                            "actions": {
                                "Condition": {
                                    "actions": {
                                        "Set_variable": {
                                            "type": "SetVariable",
                                            "inputs": {
                                                "name": "AffectedResource",
                                                "value": "@split(item()?['value'],'/')"
                                            }
                                        }
                                    },
                                    "else": {
                                        "actions": {}
                                    },
                                    "expression": {
                                        "and": [
                                            {
                                                "equals": [
                                                    "@item()?['name']",
                                                    "_ResourceId"
                                                ]
                                            }
                                        ]
                                    },
                                    "type": "If"
                                }
                            },
                            "runAfter": {
                                "Initialize_variable": [
                                    "Succeeded"
                                ]
                            },
                            "type": "Foreach"
                        },
                        "Initialize_variable": {
                            "runAfter": {},
                            "type": "InitializeVariable",
                            "inputs": {
                                "variables": [
                                    {
                                        "name": "AffectedResource",
                                        "type": "array"
                                    },
                                    {
                                        "name": "DimensionArray",
                                        "type": "array",
                                        "value": "@triggerOutputs()?['body']?['data']?['alertContext']?['condition']?['allOf'][0]?['dimensions']"
                                    }
                                ]
                            }
                        },
                        "Create_HTML_table": {
                            "runAfter": {
                                "Read_a_resource": [
                                    "Succeeded",
                                    "Failed",
                                    "Skipped",
                                    "TimedOut"
                                ]
                            },
                            "type": "Table",
                            "inputs": {
                                "from": "@variables('DimensionArray')",
                                "format": "HTML",
                                "columns": [
                                    {
                                        "header": "Name",
                                        "value": "@{item()['name']}"
                                    },
                                    {
                                        "header": "Description",
                                        "value": "@{item()['value']}"
                                    }
                                ]
                            }
                        },
                        "Compose": {
                            "runAfter": {
                                "Create_HTML_table": [
                                    "Succeeded"
                                ]
                            },
                            "type": "Compose",
                            "inputs": "<html><head><style>table { border-collapse: collapse; width: 100%; font-family: Arial, sans-serif; font-size: 14px; border: 2px solid #555; } th { background-color: #4CAF50; color: white; padding: 8px; text-align: left; border: 1px solid #555; } td { border: 1px solid #555; padding: 8px; } tr:nth-child(even) { background-color: #f2f2f2; } tr:hover { background-color: #ddd; }</style></head><body><h1 style='text-align:center;'>IsDB Azure Monitor</h1><p><strong>Monitoring Condition:</strong> @{triggerBody()?['data']?['essentials']?['monitorCondition']}</p><p><strong>Date and Time:</strong> @{formatDateTime(triggerBody()?['data']?['essentials']?['firedDateTime'], 'dddd, MMMM dd, yyyy hh:mm:ss tt')}</p><p><strong>Name:</strong> @{body('Read_a_resource')?['name']}</p><p><strong>Type:</strong> @{body('Read_a_resource')?['type']}</p><p><strong>Alert Rule:</strong> @{triggerBody()?['data']?['essentials']?['alertRule']}</p><h2>Dimensions:</h2>@{body('Create_HTML_table')}<p><strong>Computer &amp; Service Info:</strong> @{triggerBody()?['data']?['essentials']?['description']}</p><p><strong>Affected Resource:</strong> @{string(triggerBody()?['data']?['essentials']?['alertTargetIDs'])}</p><p><strong>ID:</strong> @{body('Read_a_resource')?['id']}</p><p><strong>Identity Type:</strong> @{body('Read_a_resource')?['identity']?['type']}</p><p><strong>Properties:</strong> @{string(body('Read_a_resource')?['properties'])}</p></body></html>"
                        }
                    },
                    "outputs": {}
                },
                "parameters": {
                    "$connections": {
                        "value": {
                            "arm": {
                                "id": "/subscriptions/6ef6c52a-a2a2-412c-972a-d279dfcd1cf2/providers/Microsoft.Web/locations/uaenorth/managedApis/arm",
                                "connectionId": "[parameters('connections_arm_3_externalid')]",
                                "connectionName": "arm-3"
                            },
                            "office365_1": {
                                "id": "/subscriptions/6ef6c52a-a2a2-412c-972a-d279dfcd1cf2/providers/Microsoft.Web/locations/uaenorth/managedApis/office365",
                                "connectionId": "[parameters('connections_office365_2_externalid')]",
                                "connectionName": "office365-2"
                            }
                        }
                    }
                }
            }
        }
    ]
}